
{
	"policy": 
		[{"admin": {"resources": [{"resourceName": "resource1","read": true,"write": true,"delete": true}, {"resourceName": "resource2","read": true,"write": true,"delete": true}, 
					{"resourceName": "resource3","read": true,"write": true,"delete": true}]
			}
		},
		{"monitor": {"resources": [{"resourceName": "resource1","read": true,"write": false,"delete": false}, {"resourceName": "resource2","read": true,"write": false,"delete": false}]
			}
		},
		{"external": {"resources": [{"resourceName": "resource2","read": true}]
			}
		}
		]

}
